{
  "project_info": {
    "project_number": "218532027856",
    "firebase_url": "https://homecoming-49399.firebaseio.com",
    "project_id": "homecoming-49399",
    "storage_bucket": "homecoming-49399.appspot.com"
  },
  "client": [
    {
      "client_info": {
        "mobilesdk_app_id": "1:218532027856:android:ee948ca8ed5869af",
        "android_client_info": {
          "package_name": "com.example.homecoming"
        }
      },
      "oauth_client": [
        {
          "client_id": "218532027856-9k1k6d102utb1g4ig50unmgs1bdsl9a8.apps.googleusercontent.com",
          "client_type": 3
        }
      ],
      "api_key": [
        {
          "current_key": "AIzaSyCihFMXCVqpCtvCvf5E4ERpIFpKWRYz7yA"
        }
      ],
      "services": {
        "analytics_service": {
          "status": 1
        },
        "appinvite_service": {
          "status": 1,
          "other_platform_oauth_client": []
        },
        "ads_service": {
          "status": 2
        }
      }
    },
    {
      "client_info": {
        "mobilesdk_app_id": "1:218532027856:android:53ba6ccc287a7f2a",
        "android_client_info": {
          "package_name": "com.example.homecoming.homecoming"
        }
      },
      "oauth_client": [
        {
          "client_id": "218532027856-81f76g8ls9eljful9jb8lb5i8dlep0pk.apps.googleusercontent.com",
          "client_type": 1,
          "android_info": {
            "package_name": "com.example.homecoming.homecoming",
            "certificate_hash": "1afdb2598c49d183d5f0e29797234e0a978253fd"
          }
        },
        {
          "client_id": "218532027856-9k1k6d102utb1g4ig50unmgs1bdsl9a8.apps.googleusercontent.com",
          "client_type": 3
        }
      ],
      "api_key": [
        {
          "current_key": "AIzaSyCihFMXCVqpCtvCvf5E4ERpIFpKWRYz7yA"
        }
      ],
      "services": {
        "analytics_service": {
          "status": 1
        },
        "appinvite_service": {
          "status": 2,
          "other_platform_oauth_client": [
            {
              "client_id": "218532027856-9k1k6d102utb1g4ig50unmgs1bdsl9a8.apps.googleusercontent.com",
              "client_type": 3
            }
          ]
        },
        "ads_service": {
          "status": 2
        }
      }
    }
  ],
  "configuration_version": "1"
}